Numero;SDG;Nome;Unità;Origine indicatore;Descrizione;Fonte;Target;Commento;2003;2004;2005;2006;2007;2008;2009;2010;2011;2012;2013;2014;2015;2016;2017;2018;2019;2020;2021;2022;2023;2024
1;SDG1: Sconfiggere la povertà;Povertà assoluta ;Proporzione;UN SDG, CH SDG;Proporzione della popolazione che vive al di sotto della soglia di povertà nazionale;USTAT https://www3.ti.ch/DFE/DR/USTAT/index.php?fuseaction=definizioni.glossario&id=701&tema= ;Obiettivo della Svizzera 1.2: Ridurre la quota della popolazione svizzera che vive al di sotto della soglia nazionale di povertà.;;;;;;0.1363;0.1041;0.1076;0.111;0.116;0.1116;0.1147;0.1575;0.1733;0.1655;0.1301;0.103;0.116;0.1451;0.1189;0.1282;;
2;SDG1: Sconfiggere la povertà;Povertà reddituale relativa;Proporzione;SILC, Rapporto sociale TI;"Proporzione della popolazione che vive al di sotto dellla soglia del 60% della mediana del reddito disponibile.
individuals";USTAT, rapporto sociale;Nessun obiettivo ufficiale nel 2027 verrà pubblicata una nuova strategia nazionale contro la povertà con obiettivi dedicati.;;;;;;;;;;;;;;0.147;0.148;0.149;0.145;;;;;;
3;SDG2:  Sconfiggere la fame;Agricoltura biologica;Proporzione;UN SDG, CH SDG, MONET;Proporzione terre agricole (SAU, esclusi i pascoli) coltivate in modo biologico. Questo indicatore non è comparabile con quello raccolto da MONET perchè esclude i pascoli. ;UST;"CH SDG target is +1/3 from 2020 to 2030
= 18*0.33= 24% by 2030";;;;;;;0.06;0.06;0.05;0.06;0.06;0.06;0.07;0.07;0.07;0.12;0.12;0.14;0.18;0.19;0.21;0.19;#DIV/0!
4;SDG2:  Sconfiggere la fame;Obesità;Proporzione;CH SDG;Proporzione della popolazione residente con più di 15 anni che ha un BMI maggiore o uguale a 25.;Swiss Health Survey condotto ogni 5 anni dall'UST.;;;0.372;0.372;0.376;0.376;0.376;0.376;0.376;0.411;0.411;0.411;0.411;0.411;0.419;0.419;0.419;0.419;0.419;0.43;0.43;0.43;0.43;
5;SDG3: Salute e benessere;Mortalità per malattie non trasmissibili;Morti per 1000 abitanti;UN SDG;Tasso di mortalità attribuito a malattie cardiovascolari, cancro, diabete o malattie respiratorie croniche (su 1000 abitanti);DSS, USTAT;UN SDG, reduce by 1/3 number from 2015 to 2030;;;6.51;6.38;6.46;6.35;6.22;6.17;6.28;6.27;6.38;6.43;5.88;6.66;5.99;6.39;6.2;6.15;6.19;5.42;6.09;6.23;
6;SDG3: Salute e benessere;Mortalità per incidenti stradali;Morti per 1000 abitanti;UN SDG 3.6.1, CH SDG, CI;Tasso di mortalità attribuito a incidenti stradali (su 1000 abitanti);USTAT;"CH SDG (3.6) reduce the number. Swiss target 3.6: By 2020 the number of deaths and seriously injured casualties on Swiss roads will decline.
USTRA visione zero by 2050. 
In ticino il goal è stabilizzare il tasso ai valori bassi raggiunti ultimamente";;0.08;0.08;0.06;0.07;0.05;0.05;0.04;0.07;0.03;0.06;0.05;0.03;0.04;0.02;0.03;0.03;0.03;0.05;0.03;0.03;0.02;
7;SDG4: Educazione di qualità;Parità di genere nella formazione di terzo livello ;Indice;UN SDG;"Parità tra uomini e donne nel tasso di iscrizione all'istruzione terziaria (>1 indica predominio femminile; <1 indica predominio maschile).";DECS, USTAT;Piano d'azione cantonale per la parità, gestito dal Servizio per l’aiuto e l’integrazione (SAI). No quantitative target but ambition towards parity especially in key sectors (e.g. STEM). For UN Gender parity index is achieved when index is between 0.97 and 1.03;;0.872222222;0.907377049;0.912540366;0.919935082;0.965250965;0.978378378;0.994153601;0.977125808;0.977951636;1.015583151;1.033854775;1.016702015;1.048087432;1.056338028;1.059549128;1.081508003;1.069355835;1.070278759;1.076759884;1.094502054;1.132088363;
8;SDG4: Educazione di qualità;Popolazione con formazione di terzo livello;Proporzione;Our suggestion;Proporzione della popolazione residente con livello di formazione di terzo grado;DECS, USTAT;no target?;;;;;;;;;;0.19;0.2;0.2;0.22;0.23;0.24;0.24;0.25;0.25;0.25;0.26;0.26;0.27;0.27
9;SDG5: Parità di genere;Donne in posizioni manageriali ;Proporzione;UN SDG, CH SDG, CI;Quota di donne che lavorano in posizioni manageriali o come direttori sul totale degli occupati.;USTAT ;"SDG Swiss target 5.5: The comprehensive and effective participation of women is guaranteed at all decision-making levels of economic, political and public life.
MONET: ""Aumentare la quota di donne nelle funzioni dirigenziali e negli organi decisionali per garantire una partecipazione piena ed effettiva e pari opportunità di leadership.""";;35%;0.26;0.31;0.33;0.34;0.34;0.36;0.39;0.35;0.32;0.32;0.35;0.35;0.29;0.26;0.32;0.32;0.28;0.24;0.34;0.31;
10;SDG6: Acqua pulita e ai servizi igienico-sanitari;Consumo di acqua potabile;Litri giornalieri per persona;CH SDG, MONET;Consumo giornaliero di acqua potabile inclusi i consumi delle famiglie, delle piccole imprese, dell'industria e del commercio, dei servizi pubblici e delle fontane, nonché l'autoconsumo dei fornitori e le perdite ma esclusi quelli dell'agricoltura.;No official data for Ticino;"SDG Swiss target 6.4: Water supply and appropriate residual flows are ensured
Link to swiss consumption level?
";;;583;625;500;506;562;540;482;497;482;439;423;443;429;438;428;438;439;424;412;387;
11;SDG6: Acqua pulita e ai servizi igienico-sanitari;Stress idrico;Indice;UN SDG;Prelievo di acqua dolce (totale) come percentuale delle risorse di acqua dolce disponibili.;No official data for Ticino;no target;;;58;53;66;65;58;59;66;65;66;71;73;69;71;69;71;69;69;72;74;78;
12;SDG7: Energia pulita e accessibile;Energie rinnovabili;Proporzione;UN SDG, CH SDG;Quota di energia rinnovabile sul consumo complessivo di energia;USTAT, calculated;PECC;;;;;;;0.36;0.36;0.36;0.36;0.36;0.38;0.38;0.38;0.4;0.41;0.42;0.42;0.45;0.45;0.45;0.46;0.48
13;SDG7: Energia pulita e accessibile;Intensità energetica;MJ per CHF di PIL;UN SDG;Intensità energetica misurata in termini di energia primaria per unità di PIL reale.;No official data for Ticino;PECC;;0;0;0;0;0;1.37;1.38;1.53;1.43;1.43;1.39;1.4;1.34;1.22;1.18;1.15;1.22;1.12;1.2;0.84;#VALORE!;
14;SDG7: Energia pulita e accessibile;Indipendenza energetica;Proporzione;CH SDG;Rapporto tra le importazioni lorde di energia e la quantità di energia prodotta;No official data for Ticino;;;;;;;;;;;;;;;;;;;;;;;;
15;SDG8: Lavoro dignitoso e crescita economica;Crescita per PIL per capita;Indice;UN SDG;Crescita annuale del PIL reale pro capite;USTAT;no cantonal targets for GDP growth but forecasts from BACH for 2029;Calcolo: GDP reale t1 - GDP reale t-1 / GDP reale t-1 * 100 ;; ; ; ; ;;-1.36175541;-2.78525827;4.1405376;0.01784056;0.06319752;2.12022828;0.98778481;-0.61446574;-0.62173465;-0.94393369;4.52732035;1.76204288;-6.19911586;14.70925988;;
16;SDG8: Lavoro dignitoso e crescita economica;Produttività del lavoro;Indice;UN SDG;Annual growth rate of real GDP per employed person (not FTE);Assicurarsi che il modello calcoli la crescita sull'anno precedente;Swiss productivity targets?;;;;;;;;-2.17;-2.76;-0.61;1.03;-0.78;1.01;-0.73;-1.87;-1.96;0.3;4.65;2.42;-8.08;12.97;;
17;SDG8: Lavoro dignitoso e crescita economica;Disoccupazione;Proporzione;UN SDG, CH SDG, CI;Definizione ILO;OK;?;;8.5;10.1;10.9;9.9;9.4;9.2;9.8;10;10.4;12.8;13.5;12.5;12.4;12.7;11.1;12.1;12.2;11.4;14.1;10.8;11.5;11.7
18;SDG8: Lavoro dignitoso e crescita economica;NEET;Proporzione;"UN SDG; CH SDG";Proportion of youth (aged 15–24 years) not in education, employment or training;Eurostat;PECC?;;;;;;;10.8;10;12;12.2;11;8.4;9.2;8.3;8.3;7.8;9.5;10.8;7.5;;;9.5;
19;SDG9: Imprese, innovazione e infrastrutture;Emissioni di gas serra per unità di prodotto lordo;kg CO2eq per 1000 CHF;"UN SDG; CH SDG (these refer to the footprint of domestic consumption, we do not have data for this)";(domestic) CO2 emission from fossil fuesl per unit of gross value added (kg CO2eq/1000CHF);Calculated;;;;;;;;64;63;67;65;62;57;54;54;52;50;48;45;41;44;38;;
20;SDG10: Ridurre le disuguaglianze;Distribuzione dei redditi (S80/S20);Proporzione;CH SDG;The indicator shows the quintile share ratio S80/S20 of the equivalised primary income and includes only people living in working households. The income before government transfers is considered as primary income.;UST, SILC, CHF equivalent nominal;?;;;;;;4.7;5;4;3.7;3.5;4.2;4.1;5.4;5.5;5.8;4.1;3.5;4.1;4.2;4.1;4.1;4.1;4.2
21;SDG10: Ridurre le disuguaglianze;Coefficiente di Gini ;Indice;UN SDG;conventional calculation of gini coefficient (post tax);No official data for Ticino;no target;;;;;;;0.35;0.33;0.35;0.39;0.39;0.38;0.37;0.37;0.35;0.32;0.35;0.34;0.32;0.32;0.32;;
22;SDG10: Ridurre le disuguaglianze;Redditi da lavoro sul PIL totale ;Proporzione;UN SDG;must be calculated by the model. NO statistical data ;no official historical data;nothing;;;;;;;;;;;0.40147288;0.395604235;0.393689913;0.331719182;0.336375945;0.340480801;0.368413234;0.363250971;0.358856093;0.316776489;;;
23;SDG10: Ridurre le disuguaglianze;Impatto delle politiche fiscali sulla distribuzione dei redditi ;Indice;UN SDG;must be calculated by the model. NO statistical data. Pre tax GINI - post tax GINI;no official historical data;;;;;;;;0.025279169;0.017440081;0.014462338;0.018243777;0.003915701;0.021658317;0.027449968;0.022420392;0.032925864;0.033895273;0.013380887;0.014295914;0.019802894;0.009714457;0.01034613;;
24;SDG10: Ridurre le disuguaglianze;Rimesse degli immigrati;Millioni di CHF;CH SDG;The indicator shows private transfers made by migrants who have lived and worked in Switzerland for at least one year to their country of origin.;Estimated. No official data for Ticino;;;;;;;;266;278;289;307;364;369;392;403;387;381;379;395;358;382;405;;
25;SDG11: Città e comunità sostenibili;Trasporto pubblico;Proporzione;CH SDG;The indicator shows the share of public transport in total motorised passenger transport by road and rail.;Microcensimento mobilità e trasporti 2021, Ufficio federale dello sviluppo territoriale;;;;;0.098654709;;;;;0.121212121;;;;;0.171755725;;;;;0.099547511;;;;
26;SDG11: Città e comunità sostenibili;Costi abitativi;Proporzione;;The indicator shows the percentage of housing costs in gross household income, (also by income group).;Data come from the Household Budget Survey (HBS) conducted by the Federal Statistical Office. The HBS provides detailed information on household income and consumption. The data are based on a 3-year data pooling until 2017, then they are based on a 2-year pooling for the period 2018-21.;;;;;;;;0.158;;;0.158;;;0.154;;;0.161;;0.15;;0.149;;;
27;SDG11: Città e comunità sostenibili;Inquinamento dell'aria (PM2.5);Microgrammmi per m2;UN SDG, CI;Mean annual exposure to PM2.5 (population weighted);2015-2024 BAFU our elaborations;;;;;;;;;;;;;;;11.9;11.1;12.3;11.9;10.3;10.9;10.8;11.6;10.2;9.4
28;SDG11: Città e comunità sostenibili;Inquinamento dell'aria (PM10);Microgrammmi per m3;UN SDG, CI;Mean annual exposure to PM10 (population weighted);2010-2024 BAFU our elaborations;;;;;;;;;;22.2;25.1;23;20.3;16.8;20.3;17.5;19.1;17.3;15;16.3;15.6;17.9;15.3;14.7
29;SDG12: Consumo e produzione responsabili;Produzione di rifiuti per capita;Chilogrammi per persona;CH SDG;total waste generated over total population (t/pp/year);yes;?;;;;;;;;;;915.12;916.96;882.43;876.69;866.56;855.13;876.89;879.29;890.96;865.25;888.69;876.96;890.33;
30;SDG13: Lotta contro il cambiamento climatico;Emissioni  di gas serra (totali);Tonnellate di CO2 eq;UN SDG;;PECC;Reduction of 79% from 2008 and 76% from 2019 by 2050 (PECC);;;;;1’839’790;1’745’312;1’718’468;1’702’195;1’773’914;1’754’206;1’724’985;1’612’948;1’564’167;1’593’967;1’543’314;1’489’733;1’418’934;1’390’318;1’284’324;1’318’659;1’296’254;1’209’222;
31;SDG13: Lotta contro il cambiamento climatico;Emissioni di gas serra (settore energia);Tonnellate di CO2 eq;CI and CH SDG;;CI and PECC;Reduction of 90% from 2008 and 88% from 2019 by 2050 (PECC);;;;;1’681’768;1’656’442;1’641’948;1’710’932;1’693’508;1’661’855;1’552’322;1’502’454;1’537’907;1’485’540;1’431’532;1’361’922;1’331’539;1’224’762;1’257’953;1’236’814;1’150’734;;
32;SDG13: Lotta contro il cambiamento climatico;Assorbimento di gas serra dalle aree boschive ;Tonnellate di CO2 eq;our suggestion;;UST;PECC?;;;;;;;-709’356;-685’750;-760’753;-699’380;-661’447;-683’172;-665’223;-634’379;-747’244;-689’967;-617’770;-625’094;-538’580;-667’605;-680’122;-407’256;
33;SDG13: Lotta contro il cambiamento climatico;Mortalità per disastri naturali;Morti per 100,000 abitanti;UN SDG, CH SDG;Number of deaths and missing persons attributed to natural disasters per 100,000 population;UCA, UPIP;CH SDG (13.1) Ridurre al minimo i rischi climatici, sfruttare le opportunità legate al clima, proteggere la popolazione, i beni materiali e le basi vitali naturali, aumentare la resilienza della società, dell’economia e dell’ambiente nei confronti di questi rischi.;;;;;;;0;0;0;0;0;0;0.6;0;0;0;0;0;0;0;0;0;2.2
34;SDG13: Lotta contro il cambiamento climatico;Danni economici per disastri naturali;CHF per persona;UN SDG;Direct economic loss attributed to disasters in relation to global gross domestic product (GDP);UCA, UPIP, USTAT;;;;;;;;82;34;3;26;3;15;64;2;3;9;2;4;43;48;14;;
35;SDG14: Vita sott'acqua;Stock ittici Ticinesi gestititi entro livelli biologicamente sostenibili;Proporzione;not in CI and CH SDG but interesting;;No official data for Ticino;;;;0.87;0.85;0.85;0.83;0.83;0.79;0.8;0.75;0.66;0.66;0.49;0.42;0.37;0.32;0.37;0.39;0.39;0.34;0.29;0.34;0.27
36;SDG14: Vita sott'acqua;Aree lacustri protette;Proporzione;not in CI and CH SDG but interesting;km2 of protected area/total inland water (%);No official data for Ticino;;;;;;;;0.07;0.07;0.07;0.07;0.07;0.07;0.07;0.07;0.07;0.07;0.07;0.07;0.07;0.07;0.07;0.07;
37;SDG15: Vita sulla terra;Estensione delle forestali;Proporzione;UN SDG;km2 of forest area/total land area (%);;;;0.42;0.42;0.43;0.43;0.43;0.43;0.43;0.44;0.44;0.44;0.44;0.45;0.45;0.45;0.45;0.45;0.45;0.45;0.45;0.45;0.45;
38;SDG15: Vita sulla terra;Aree terrestri tutelate;Proporzione;UN SDG, CH SDG, CI;Proportion of important sites for terrestrial and freshwater biodiversity that are covered by protected areas, by ecosystem type (Terrestrial protected areas as % of total land area used as proxy);"We could use the Cercle indicator in connection with iSD indicator ""terrestrial areas formally protected""";;;0.05;0.05;0.05;0.05;0.06;0.1;0.11;0.11;0.12;0.12;0.12;0.12;0.12;0.12;0.12;0.13;0.13;0.13;0.13;0.13;0.14;
39;SDG16: Pace, giustizia e istituzioni solide;Numero di omicidi;Omicidi per 100,000 abitanti;proportion;Number of victims of intentional homicide per 100,000 population;data from CI, DSS;;;0.31;0.31;0.31;0;0;0.9;0.6;0.89;0.3;0.29;0;0.29;0.28;0.28;0.28;0.56;0.28;0.57;0.57;0.28;0.28;
40;SDG17: Partnerships per gli obiettivi;Debito pubblico per capita;CHF per persona;Not used in iSDG/UN SDG but used in CH SDG and similar to what it is used in CI;CHF/per capita;;;;15’105;16’954;16’731;16’229;15’915;13’904;13’642;14’461;14’216;14’781;17’702;18’315;19’020;19’108;18’060;17’843;17’700;18’499;19’888;20’313;21’642;
41;SDG17: Partnerships per gli obiettivi;Bilancio pubblico finanziato con tasse e imposte ;Proporzione;UN SDG;Government (canton+mun) revenues / government expenditures;we can calculate it;;;0.79;0.79;0.83;0.84;0.86;0.88;0.86;0.83;0.89;0.84;0.71;0.82;0.82;0.85;0.87;0.84;0.84;0.78;0.79;0.82;0.8;
