Numero;SDG;Nome;Unità;Origine indicatore;Descrizione;Fonte;Obiettivo ;Commento;2003;2004;2005;2006;2007;2008;2009;2010;2011;2012;2013;2014;2015;2016;2017;2018;2019;2020;2021;2022;2023;2024;2025;2026;2027;2028;2029;2030;2031;2032;2033;2034;2035;2036;2037;2038;2039;2040;2041;2042;2043;2044;2045;2046;2047;2048;2049;2050
1;SDG1: Sconfiggere la povertà;Povertà assoluta ;Proporzione;UN SDG, CH SDG;L'indicatore mostra la proporzione della popolazione residente che vive al di sotto della soglia di povertà nazionale;Indagine sui redditi e sulle condizioni di vita (SILC), Ufficio federale di statistica (UST).;Svizzera: ridurre la quota della popolazione che vive al di sotto della soglia nazionale di povertà.;;;;;;0.14;0.1;0.11;0.11;0.12;0.11;0.11;0.16;0.17;0.17;0.13;0.1;0.12;0.15;0.12;0.13;;;;;;;;;;;;;;;;;;;;;;;;;;;;
2;SDG1: Sconfiggere la povertà;Povertà reddituale relativa;Proporzione;Rapporto sociale Ticino (USTAT);L'indicatore mostra la proporzione della popolazione residente che vive al di sotto dellla soglia del 60% della mediana del reddito disponibile.;Rapporto sociale, Ufficio Cantonale di Statistica (USTAT);Nessun obiettivo ufficiale adottato. Nel 2027 verrà pubblicata una nuova strategia nazionale contro la povertà con obiettivi dedicati.;;;;;;;;;;;;;;0.147;0.148;0.149;0.145;;;;;;;;;;;;;;;;;;;;;;;;;;;;;;;;
3;SDG2:  Sconfiggere la fame;Agricoltura biologica;Proporzione;UN SDG, CH SDG, MONET;L'indicatore mostra la proporzione di terre agricole (Superficie Agricola Utile, esclusi i pascoli) coltivate in modo biologico. Questo indicatore non è comparabile con quello raccolto da MONET perchè esclude i pascoli. ;Ufficio federale di statistica (UST);Nessun obiettivo ufficiale adottato.;;;;;;;0.06;0.06;0.05;0.06;0.06;0.06;0.07;0.07;0.07;0.12;0.12;0.14;0.18;0.19;0.21;0.19;;;;;;;;;;;;;;;;;;;;;;;;;;;
4;SDG2:  Sconfiggere la fame;Obesità;Proporzione;CH SDG;L'indicatore mostra la proporzione della popolazione residente con più di 15 anni che ha un Indice di Massa Corporea maggiore o uguale a 25.;Indagine sulla salute in Svizzera, Ufficio federale di statistica (UST).;Nessun obiettivo ufficiale adottato.;;0.37;0.37;0.38;0.38;0.38;0.38;0.38;0.41;0.41;0.41;0.41;0.41;0.42;0.42;0.42;0.42;0.42;0.43;0.43;0.43;0.43;;;;;;;;;;;;;;;;;;;;;;;;;;;
5;SDG3: Salute e benessere;Mortalità per malattie non trasmissibili;Morti per 1000 abitanti;UN SDG;L'indicatore mostra il tasso di mortalità attribuito a malattie cardiovascolari, cancro, diabete o malattie respiratorie croniche.;Dipartimento della sanità e della socialità (DSS) e Ufficio Cantonale di Statistica (USTAT);Svizzera: Strategia nazionale per la prevenzione delle malattie non trasmissibili (MNT) mira a ridurre il carico delle malattie croniche senza fissare un target quantitativo. Nazioni Unite: OSS 3.4 mira alla riduzione di un terzo dal 2015 al 2030.;;;6.51;6.38;6.46;6.35;6.22;6.17;6.28;6.27;6.38;6.43;5.88;6.66;5.99;6.39;6.2;6.15;6.19;5.42;6.09;6.23;;;;;;;;;;;;;;;;;;;;;;;;;;;
6;SDG3: Salute e benessere;Mortalità per incidenti stradali;Morti per 1000 abitanti;UN SDG, CH SDG, CI;L'indicatore mostra il tasso di mortalità attribuito a incidenti stradali.;Ufficio Cantonale di Statistica (USTAT);"Svizzera: riduzione del numero di decessi.
USTRA visione zero by 2050. 
In ticino il goal è stabilizzare il tasso ai valori bassi raggiunti ultimamente";;0.08;0.08;0.06;0.07;0.05;0.05;0.04;0.07;0.03;0.06;0.05;0.03;0.04;0.02;0.03;0.03;0.03;0.05;0.03;0.03;0.02;;;;;;;;;;;;;;;;;;;;;;;;;;;
7;SDG4: Educazione di qualità;Parità di genere nella formazione di terzo livello ;Indice;UN SDG;L'indicatore mostra il tasso di parità tra uomini e donne riguardo l'iscrizione all'istruzione terziaria (valori superiori ad 1 indicano un predominio femminile mentre valori minori di 1 indicano un predominio maschile).;Dipartimento dell'educazione, della cultura e dello sport (DECS)  e Ufficio Cantonale di Statistica (USTAT);Ticino: Il Piano d'azione cantonale per le pari opportunità mire a promuovere la parità di genere in settori chiave, per esempio Scienze, Tecnologia, Ingegneria e Matematica.;;0.87;0.91;0.91;0.92;0.97;0.98;0.99;0.98;0.98;1.02;1.03;1.02;1.05;1.06;1.06;1.08;1.07;1.07;1.08;1.09;1.13;;;;;;;;;;;;;;;;;;;;;;;;;;;
8;SDG4: Educazione di qualità;Popolazione con formazione di terzo livello;Proporzione;;L'indicatore mostra la proporzione della popolazione residente con livello di formazione di terzo livello.;Dipartimento dell'educazione, della cultura e dello sport (DECS)  e Ufficio Cantonale di Statistica (USTAT);Nessun obiettivo ufficiale adottato.;;;;;;;;;;0.19;0.2;0.2;0.22;0.23;0.24;0.24;0.25;0.25;0.25;0.26;0.26;0.27;0.27;;;;;;;;;;;;;;;;;;;;;;;;;;
9;SDG5: Parità di genere;Donne in posizioni manageriali ;Proporzione;UN SDG, CH SDG, CI;L'indicatore mostra la quota di donne che lavorano in posizioni manageriali o come direttori sul totale degli occupati in Ticino.;Ufficio Cantonale di Statistica (USTAT);Svizzera: OSS 5.5 mira a promuovere un'effettiva partecipazione delle donne a tutti i livelli di decisioni economiche, politiche e di vita pubblica. Sistema MONET mire as aumentare la quota di donne nelle funzioni dirigenziali e negli organi decisionali per garantire una partecipazione piena ed effettiva e pari opportunità di leadership.;;0.35;0.26;0.31;0.33;0.34;0.34;0.36;0.39;0.35;0.32;0.32;0.35;0.35;0.29;0.26;0.32;0.32;0.28;0.24;0.34;0.31;;;;;;;;;;;;;;;;;;;;;;;;;;;
10;SDG6: Acqua pulita e ai servizi igienico-sanitari;Consumo di acqua potabile;Litri al giorno per persona;CH SDG, MONET;L'indicatore mostra il consumo medio giornaliero di acqua potabile per abitante. Sono inclusi i consumi delle famiglie, delle piccole imprese, dell'industria e del commercio, dei servizi pubblici e delle fontane, nonché l'autoconsumo dei fornitori e le perdite ma sono esclusi i consumi dell'agricoltura.;Dipartimento del Territorio (DT), Associazione per l'acqua, il gas e il calore (SVGW), Ufficio federale di statistica (UST), Ufficio Cantonale di Statistica (USTAT), Nazioni Unite (AQUASTAT).;Nessun obiettivo ufficiale adottato.;;;583;625;500;506;562;540;482;497;482;439;423;443;429;438;428;438;439;424;412;387;;;;;;;;;;;;;;;;;;;;;;;;;;;
11;SDG6: Acqua pulita e ai servizi igienico-sanitari;Stress idrico;Indice;UN SDG;L'indicatore mostra la percentuale di acqua dolce prelevata (per tutti gli usi) sul totale delle risorse di acqua dolce disponibili.;Istituto federale di ricerca per la foresta, la neve e il paesaggio (WSL), Dipartimento del Territorio, Associazione per l'acqua, il gas e il calore (SVGW), Ufficio federale di statistica (UST), Ufficio Cantonale di Statistica (USTAT), Nazioni Unite (AQUASTAT).;Nessun obiettivo ufficiale adottato.;;;0.017;0.019;0.015;0.015;0.017;0.017;0.015;0.015;0.015;0.014;0.014;0.015;0.014;0.015;0.014;0.014;0.014;0.014;0.014;0.013;;;;;;;;;;;;;;;;;;;;;;;;;;;
12;SDG7: Energia pulita e accessibile;Energie rinnovabili;Proporzione;UN SDG, CH SDG;L'indicatore mostra la quota di energie rinnovabili sul consumo totale di energia nel Cantone.;Ufficio Cantonale di Statistica (USTAT);Canton Ticino: PECC (2024) mira a raggiungere entro il 2050 il 100% di energie rinnovabili nella produzione di energia elettrica nel Cantone e circa il 70% nella produzione di calore (escluso l'uso diretto di ellettircità per la produzione di calore).  ;;;;;;;0.36;0.36;0.36;0.36;0.36;0.38;0.38;0.38;0.4;0.41;0.42;0.42;0.45;0.45;0.45;0.46;0.48;;;;;;;;;;;;;;;;;;;;;;;;;;
13;SDG7: Energia pulita e accessibile;Intensità energetica;MJ per CHF ;UN SDG;L'indicatore mostra l'intensità energetica dell'economia del Cantone misurata in termini di energia primaria per unità di PIL (reale).;Dipartimento del Territorio (DT) e Ufficio Cantonale di Statistica (USTAT);Nessun obiettivo ufficiale adottato.;;;;;;;1.37;1.38;1.53;1.43;1.43;1.39;1.4;1.34;1.22;1.18;1.15;1.22;1.12;1.2;0.84;;;;;;;;;;;;;;;;;;;;;;;;;;;;
14;SDG7: Energia pulita e accessibile;Indipendenza energetica;Proporzione;CH SDG;L'indicatore mostra il rapporto tra le importazioni di energia (lorde) e la quantità di energia prodotta nel Cantone.;Dipartimento del Territorio (DT) e Ufficio Cantonale di Statistica (USTAT);Canton Ticino: il PECC (2024) mira a promuovere l'indipendenza energetica senza stabilire un target quantitativo.;;;;;;;;;;;;;;;;;;;;;;;;;;;;;;;;;;;;;;;;;;;;;;;;;
15;SDG8: Lavoro dignitoso e crescita economica;PIL pro capite;Indice;UN SDG;L'indicatore mostra il tasso annuale di crescita del PIL (reale) per abitante.;Ufficio Cantonale di Statistica (USTAT);Nessun obiettivo ufficiale adottato.;;; ; ; ; ;;-1.36;-2.79;4.14;0.02;0.06;2.12;0.99;-0.61;-0.62;-0.94;4.53;1.76;-6.2;14.71;;;;;;;;;;;;;;;;;;;;;;;;;;;;
16;SDG8: Lavoro dignitoso e crescita economica;Produttività del lavoro;Indice;UN SDG;L'indicatore mostra il tasso annuale di crescita del PIL (reale) per persona impiegata.;Ufficio federale di Statistica (UST) e Ufficio Cantonale di Statistica (USTAT);Nessun obiettivo ufficiale adottato.;;;;;;;;-2.17;-2.76;-0.61;1.03;-0.78;1.01;-0.73;-1.87;-1.96;0.3;4.65;2.42;-8.08;12.97;;;;;;;;;;;;;;;;;;;;;;;;;;;;
17;SDG8: Lavoro dignitoso e crescita economica;Disoccupazione;Proporzione;UN SDG, CH SDG, CI;L'indicatore mostra lil tasso di disoccupazione calcolato secondo la definizione dell'Organizzazione Internazionale del Lavoro (ILO).;Ufficio federale di statistica (UST);Nessun obiettivo ufficiale adottato.;;8.5;10.1;10.9;9.9;9.4;9.2;9.8;10;10.4;12.8;13.5;12.5;12.4;12.7;11.1;12.1;12.2;11.4;14.1;10.8;11.5;11.7;;;;;;;;;;;;;;;;;;;;;;;;;;
18;SDG8: Lavoro dignitoso e crescita economica;Giovani NEET;Proporzione;"UN SDG; CH SDG";L'indicatore mostra la percentuale di giovani tra i 15 e i 24 anni che sono in una condizione di inattività, ossia non studiano, non lavorano e non seguono alcun corso di formazione o tirocinio.;Ufficio di statistica dell'Unione Europea (EUROSTAT);Nessun obiettivo ufficiale adottato.;;;;;;;10.8;10;12;12.2;11;8.4;9.2;8.3;8.3;7.8;9.5;10.8;7.5;;;9.5;;;;;;;;;;;;;;;;;;;;;;;;;;;
19;SDG9: Imprese, innovazione e infrastrutture;Emissioni di gas serra per unità di prodotto lordo;kg CO2eq per 1000 CHF;"UN SDG; CH SDG (adapted)";L'indicatore mostra il totale di emissioni di gas a effetto serra dovute al consumo di combustibili fossili per unita' di valore aggiungo lordo. ;Dipartimento de Territorio (DT) e Ufficio Cantonale di Statistica (USTAT);Nessun obiettivo ufficiale adottato.;;;;;;;64;63;67;65;62;57;54;54;52;50;48;45;41;44;38;;;;;;;;;;;;;;;;;;;;;;;;;;;;
20;SDG10: Ridurre le disuguaglianze;Distribuzione dei redditi;Proporzione;CH SDG;L'indicatore (S80/S20) misura la disuguaglianza economica tra la popolazione calcolando il rapporto tra il reddito disponibile del 20% più ricco e quello dal 20% più povero della popolazione. Valori elevati indicano una forte concentrazione della ricchezza, mentre un valore pari a 1 rappresenta un'equa distribuzione. Il redditio disponibile è al netto di tasse e sussidi pubblici.;Indagine sui redditi e sulle condizioni di vita (SILC), Ufficio federale di statistica (UST).;Nessun obiettivo ufficiale adottato.;;;;;;4.7;5;4;3.7;3.5;4.2;4.1;5.4;5.5;5.8;4.1;3.5;4.1;4.2;4.1;4.1;4.1;4.2;;;;;;;;;;;;;;;;;;;;;;;;;;
21;SDG10: Ridurre le disuguaglianze;Coefficiente di Gini ;Indice;UN SDG;L'indicatore mostra il coefficiente di Gini calcolato sui redditi al netto di tasse e trasferimenti. Il coefficiente quantifica il livello di disuguaglianza della distribuzione dei redditi tra la popolazione. Un valore di 0 indica equità perfetta (tutti gli individui percepiscono esattamente lo stesso reddito) mentre un valore di 1 indica massima disuguaglianza (un solo individuo concentra nelle sue mani l'intero reddito della popolazione).;Indagine sui redditi e sulle condizioni di vita (SILC), Ufficio federale di statistica (UST) e World Inequality Database (https://wid.world/);Nessun obiettivo ufficiale adottato.;;;;;;;0.353;0.33;0.353;0.386;0.391;0.378;0.373;0.372;0.349;0.322;0.353;0.336;0.32;0.323;0.318;;;;;;;;;;;;;;;;;;;;;;;;;;;;
22;SDG10: Ridurre le disuguaglianze;Redditi da lavoro sul PIL totale ;Proporzione;UN SDG;L'indicatore mostra quanto contribuiscono i redditi da lavoro (totale per residenti e frontalieri) sul totale del PIL reale del Cantone.;Ufficio federale di statistica (UST), Ufficio cantonale di statistica (USTAT);Nessun obiettivo ufficiale adottato.;Cambiare valori per includere anche i redditi frontalieri. Dati aggiornati nel database;;;;;;;;;;0.4;0.4;0.39;0.33;0.34;0.34;0.37;0.36;0.36;0.32;;;;;;;;;;;;;;;;;;;;;;;;;;;;;
23;SDG10: Ridurre le disuguaglianze;Impatto delle politiche fiscali sulla distribuzione dei redditi ;Indice;UN SDG;L'indicatore mostra l'impatto delle politiche fiscali (di Comuni, Cantone e Confederazione) sulla distribuzione dei redditi. Valori positivi indicano una riduzione della disuguaglianza mentre valori negativi indicano un aumento della disuguaglianza causato da imposizione fiscale e sussidi pubblici.;Ufficio federale di statistica (UST);Nessun obiettivo ufficiale adottato.;;;;;;;0.03;0.02;0.01;0.02;0;0.02;0.03;0.02;0.03;0.03;0.01;0.01;0.02;0.01;0.01;;;;;;;;;;;;;;;;;;;;;;;;;;;;
24;SDG10: Ridurre le disuguaglianze;Rimesse degli immigrati;Millioni di CHF;CH SDG;L'indicatore mostra i trasferimenti monetari internazionali dei migranti che vivono e lavorano in Svizzera.;Ufficio federale di statistica (UST);Nessun obiettivo ufficiale adottato.;;;;;;;266;278;289;307;364;369;392;403;387;381;379;395;358;382;405;;;;;;;;;;;;;;;;;;;;;;;;;;;;
25;SDG11: Città e comunità sostenibili;Trasporto pubblico;Proporzione;CH SDG;L'indicatore mostra la quota del trasporto pubblico sul totale del trasporto motorizzato di passeggeri (su strada e rotaia).;Microcensimento mobilità e trasporti, Ufficio federale dello sviluppo territoriale (ARE);Nessun obiettivo ufficiale adottato.;;;;0.1;;;;;0.12;;;;;0.17;;;;;0.1;;;;;;;;;;;;;;;;;;;;;;;;;;;;;;
26;SDG11: Città e comunità sostenibili;Costi abitativi;Proporzione;;L'indicatore mostra la percentuale dei costi abitativi sul reddito lordo delle famiglie.;Indagine sul budget delle economie domestiche, Ufficio federale di statistica (UST);Nessun obiettivo ufficiale adottato.;;;;;;;0.16;;;0.16;;;0.15;;;0.16;;0.15;;0.15;;;;;;;;;;;;;;;;;;;;;;;;;;;;;
27;SDG11: Città e comunità sostenibili;Inquinamento dell'aria (PM2.5);Microgrammmi per m3;UN SDG, CI;L'indicatore mostra l'esposizione media annuale al PM2.5 (ponderata per la popolazione).;Statistica svizzera della superficie – Statistica di base sull’utilizzazione e sulla copertura del suolo, Ufficio federale di statistica (UST);Svizzera: Ordinanza contro l’inquinamento atmosferico fissa dal 2018 il limite legale a 10 microgrammi per metrocubo in media all'anno.;;;;;;;;;;;;;;11.9;11.1;12.3;11.9;10.3;10.9;10.8;11.6;10.2;9.4;;;;;;;;;;;;;;;;;;;;;;;;;;
28;SDG11: Città e comunità sostenibili;Inquinamento dell'aria (PM10);Microgrammmi per m3;UN SDG, CI;L'indicatore mostra l'esposizione media annuale al PM10 (ponderata per la popolazione).;Statistica svizzera della superficie – Statistica di base sull’utilizzazione e sulla copertura del suolo, Ufficio federale di statistica (UST);Svizzera: Ordinanza contro l’inquinamento atmosferico ha introdotto nel 1998 il limite legale di 20 microgrammi per metrocubo in media all'anno.;;;;;;;;;22.2;25.1;23;20.3;16.8;20.3;17.5;19.1;17.3;15;16.3;15.6;17.9;15.3;14.7;;;;;;;;;;;;;;;;;;;;;;;;;;
29;SDG12: Consumo e produzione responsabili;Produzione di rifiuti ;kg per persona;CH SDG;L'indicatore mostra la media di produzione di rifiuti della popolazione Ticinese.;Ufficio Cantonale di Statistica (USTAT);Nessun obiettivo formale di riduzione dei rifiuti prodotti. In Ticino il recente Piano di gestione dei rifiuti del Canton Ticino (2026-2030) mira genericamente a prevenire e ridurre la produzione di rifiuti e a ridurre gli sprechi. A livello nazionale, l'Ufficio federale dell'ambiente (UFAM) auspica una diminuzione della quantità di rifiuti urbani prodotti per abitante senza però arrivare a stabilire obiettivi quantiativi.;;;;;;;;;;915;917;882;877;867;855;877;879;891;865;889;877;890;;;;;;;;;;;;;;;;;;;;;;;;;;;
30;SDG13: Lotta contro il cambiamento climatico;Emissioni  di gas serra (totali);Tonnellate di CO2 equivalenti;UN SDG;L'indicatore mostra il totale delle emissioni di gas a effetto serra del Cantone;Piano energetico e climatico del Canton Ticino (2024), Dipartimento de Territorio (DT);Canton Ticino: Il PECC (2024) mira a ridurre le emissioni totali del 79%rispetto  2008.;;;;;1839790;1745312;1718468;1702195;1773914;1754206;1724985;1612948;1564167;1593967;1543314;1489733;1418934;1390318;1284324;1318659;1296254;1209222;;;;;;;;;;;;;;;;;;;;;;;;;;;
31;SDG13: Lotta contro il cambiamento climatico;Emissioni di gas serra (settore energia);Tonnellate di CO2 equivalenti;CH SDG, CI;L'indicatore mostra il totale delle emissioni di gas a effetto serra dovute al consumo di energia, per tutti gli usi inclusi trasporti, climatizzazione edifici, processi produttivi, ecc.;Piano energetico e climatico del Canton Ticino (2024), Dipartimento de Territorio (DT);Canton Ticino: Il PECC (2024) mira a ridurre entro il 2050 le emissioni dovute alla produzione di energia del 90% rispetto al 2008.;;;;;1681768;1656442;1641948;1710932;1693508;1661855;1552322;1502454;1537907;1485540;1431532;1361922;1331539;1224762;1257953;1236814;1150734;;;;;;;;;;;;;;;;;;;;;;;;;;;;
32;SDG13: Lotta contro il cambiamento climatico;Assorbimento di gas serra dalle aree boschive ;Tonnellate di CO2 equivalenti;;L'indicatore mostra le emissioni nette di gas a effetto serra dovute all'uso delle superfici terrestri. Valori negativi indicano assorbimento mentre quelli positivi indicano emissioni.;Ufficio federale di statistica (UST);Ticino: PECC (2024) prevede per il 2050 un aumento dell'assorbimento netto di CO2 da parte del suolo e delle aree boschive nel Cantone (circa 415'000 tonnellate di CO2 per anno). ;;;;;;;-709356;-685750;-760753;-699380;-661447;-683172;-665223;-634379;-747244;-689967;-617770;-625094;-538580;-667605;-680122;-407256;;;;;;;;;;;;;;;;;;;;;;;;;;;
33;SDG13: Lotta contro il cambiamento climatico;Mortalità per disastri naturali;Morti per 100,000 abitanti;UN SDG, CH SDG;L'indicatore mostra il numero di morti e dispersi attribuiti a disastri naturali ogni 100,000 abitanti.;Ufficio corsi d'acqua (UCA) e Ufficio pericoli naturali, incendi e progetti (UPIP), Dipartimento Territorio (DT).;Svizzera: ridurre al minimo i rischi climatici, sfruttare le opportunità legate al clima, proteggere la popolazione, i beni materiali e le basi vitali naturali, aumentare la resilienza della società, dell’economia e dell’ambiente nei confronti di questi rischi.;;;;;;;0;0;0;0;0;0;0.6;0;0;0;0;0;0;0;0;0;2.2;;;;;;;;;;;;;;;;;;;;;;;;;;
34;SDG13: Lotta contro il cambiamento climatico;Danni economici per disastri naturali;CHF per persona;UN SDG;L'indicatore mostra le perdite economiche direttamente attribuibili a disastri naturali in rapporto al prodotto interno lordo (PIL) per persona.;Ufficio corsi d'acqua (UCA) e Ufficio pericoli naturali, incendi e progetti (UPIP), Dipartimento Territorio (DT).;Nessun obiettivo ufficiale adottato.;;;;;;;82;34;3;26;3;15;64;2;3;9;2;4;43;48;14;;;;;;;;;;;;;;;;;;;;;;;;;;;;
35;SDG14: Vita sott'acqua;Stock ittici gestititi in modo sostenibile;Proporzione;UN SDG (adapted);L'indicatore mostra la percentuale di stock ittici dei laghi Ticinesi sfruttati entro livelli biologicamente sostenibili. Il calcolo è basato sul metodo Stock-Status Plot (UNEP 2008) che valuta lo stato di uno stock ittico (in svilupppo, sfruttato, eccessivamente sfruttato, al collasso, in ricostituzione) in funzione della sua biomassa e della pressione di pesca rispetto ai livelli sostenibili. I liveli di pesca sostenibili sono determinati non dal censimento delle popolazioni ma dall'andamento dei volumi pescati nelle ultime due decadi.;Dipartimento de Territorio (DT);Nessun obiettivo ufficiale adottato.;;;0.87;0.85;0.85;0.83;0.83;0.79;0.8;0.75;0.66;0.66;0.49;0.42;0.37;0.32;0.37;0.39;0.39;0.34;0.29;0.34;0.27;;;;;;;;;;;;;;;;;;;;;;;;;;
36;SDG14: Vita sott'acqua;Aree lacustri protette;Proporzione;UN SDG (adapted);L'indicatore mostra la percentuale di aree lacustri formalmente protette sul totale delle aree lacustri del Cantone;Dipartimento de Territorio (DT);"Svizzera: la Confederazione ha aderito al Kunming–Montreal Global Biodiversity Framework (GBF) della Convenzione sulla Diversità Biologica, il cui Target 3 (""30x30"") prevede di conservare almeno il 30% delle aree terrestri, delle acque interne e delle aree marine entro il 2030 ma non esiste un obiettivo quantitativo nazionale che imponga di raggiungere tale obiettivo entro il 2030. ";;;;;;;0.07;0.07;0.07;0.07;0.07;0.07;0.07;0.07;0.07;0.07;0.07;0.07;0.07;0.07;0.07;0.07;;;;;;;;;;;;;;;;;;;;;;;;;;;
37;SDG15: Vita sulla terra;Estensione delle aree forestali;Proporzione;UN SDG;L'indicatore mostra la percentuale di aree forestali sul totale della superficie del Cantone.;Statistica svizzera della superficie – Statistica di base sull’utilizzazione e sulla copertura del suolo, Ufficio federale di statistica (UST);Svizzera: La Strategia integrale Foreste e Legno 2050 stabilisce l'obiettivo di preservare la superficie forestale e la sua distribuzione spaziale senza mirare ad aumentare la superficie.;;0.42;0.42;0.43;0.43;0.43;0.43;0.43;0.44;0.44;0.44;0.44;0.45;0.45;0.45;0.45;0.45;0.45;0.45;0.45;0.45;0.45;;;;;;;;;;;;;;;;;;;;;;;;;;;
38;SDG15: Vita sulla terra;Aree terrestri tutelate;Proporzione;UN SDG, CH SDG, CI;L'indicatore mostra la proporzione di siti importanti per la biodiversità terrestre inclusi in aree protette, calcolato quale percentuale delle aree terrestri formalmente protette rispetto alla superficie terrestre totale del Cantone.;Ufficio federale di statistica (UST) e Protected Planet (www.protectedplanet.net/en);"Svizzera: la Confederazione ha aderito al Kunming–Montreal Global Biodiversity Framework (GBF) della Convenzione sulla Diversità Biologica, il cui Target 3 (""30x30"") prevede di conservare almeno il 30% delle aree terrestri, delle acque interne e delle aree marine entro il 2030 ma non esiste un obiettivo quantitativo nazionale che imponga di raggiungere tale obiettivo entro il 2030. In tema di aree forestali, a livello nazionale la Strategia integrale Foreste e Legno 2050 mira ad avere almeno il 10% della superficie forestale svizzera designato come riserva forestale entro il 2030.";;0.05;0.05;0.05;0.05;0.06;0.1;0.11;0.11;0.12;0.12;0.12;0.12;0.12;0.12;0.12;0.13;0.13;0.13;0.13;0.13;0.14;;;;;;;;;;;;;;;;;;;;;;;;;;;
39;SDG16: Pace, giustizia e istituzioni solide;Numero di omicidi;Omicidi per 100,000 abitanti;;L'indicatore mostra il numero di vittime di omicidio volontario.;Dipartimento della sanità e della socialità (DSS);Nessun obiettivo ufficiale adottato.;;0.31;0.31;0.31;0;0;0.9;0.6;0.89;0.3;0.29;0;0.29;0.28;0.28;0.28;0.56;0.28;0.57;0.57;0.28;0.28;;;;;;;;;;;;;;;;;;;;;;;;;;;
40;SDG17: Partnerships per gli obiettivi;Debito pubblico pro capite;CHF per persona;CH SDG, CI;L'indicatore mostra il debito pubblico di Cantone e Comuni per residente.;Ufficio federale di statistica (UST);Nessun obiettivo ufficiale adottato.;;15105;16954;16731;16229;15915;13904;13642;14461;14216;14781;17702;18315;19020;19108;18060;17843;17700;18499;19888;20313;21642;;;;;;;;;;;;;;;;;;;;;;;;;;;
41;SDG17: Partnerships per gli obiettivi;Bilancio pubblico finanziato con tasse e imposte ;Proporzione;UN SDG;L'indicatore rappresenta la percentuale del bilancio di Cantone e Comuni finanzata attraverso tasse e imposte. ;Ufficio federale di statistica (UST);Nessun obiettivo ufficiale adottato.;;0.79;0.79;0.83;0.84;0.86;0.88;0.86;0.83;0.89;0.84;0.71;0.82;0.82;0.85;0.87;0.84;0.84;0.78;0.79;0.82;0.8;;;;;;;;;;;;;;;;;;;;;;;;;;;
